<?xml version="1.0" ?>
<LOG_ROOT>
	<PROJECT NAME="Lab6">
		<CBX_INST_ENTRY INSTANCE_NAME="|Lab6problem3|SSEGv2:inst3|lpm_mux:Mux0" CBX_FILE_NAME="mux_joc.tdf"/>
		<CBX_INST_ENTRY INSTANCE_NAME="|Lab6problem3|SSEGv2:inst72|lpm_mux:Mux2" CBX_FILE_NAME="mux_joc.tdf"/>
		<CBX_INST_ENTRY INSTANCE_NAME="|Lab6problem3|decoder4to16:inst2|lpm_mux:Mux7" CBX_FILE_NAME="mux_ioc.tdf"/>
		<CBX_INST_ENTRY INSTANCE_NAME="|Lab6problem3|SSEGv2:inst3|lpm_mux:Mux1" CBX_FILE_NAME="mux_joc.tdf"/>
		<CBX_INST_ENTRY INSTANCE_NAME="|Lab6problem3|SSEGv2:inst72|lpm_mux:Mux3" CBX_FILE_NAME="mux_joc.tdf"/>
		<CBX_INST_ENTRY INSTANCE_NAME="|Lab6problem3|decoder4to16:inst2|lpm_mux:Mux0" CBX_FILE_NAME="mux_ioc.tdf"/>
		<CBX_INST_ENTRY INSTANCE_NAME="|Lab6problem3|decoder4to16:inst2|lpm_mux:Mux8" CBX_FILE_NAME="mux_ioc.tdf"/>
		<CBX_INST_ENTRY INSTANCE_NAME="|Lab6problem3|SSEGv2:inst3|lpm_mux:Mux2" CBX_FILE_NAME="mux_joc.tdf"/>
		<CBX_INST_ENTRY INSTANCE_NAME="|Lab6problem3|SSEGv2:inst72|lpm_mux:Mux4" CBX_FILE_NAME="mux_joc.tdf"/>
		<CBX_INST_ENTRY INSTANCE_NAME="|Lab6problem3|decoder4to16:inst2|lpm_mux:Mux1" CBX_FILE_NAME="mux_ioc.tdf"/>
		<CBX_INST_ENTRY INSTANCE_NAME="|Lab6problem3|decoder4to16:inst2|lpm_mux:Mux10" CBX_FILE_NAME="mux_ioc.tdf"/>
		<CBX_INST_ENTRY INSTANCE_NAME="|Lab6problem3|decoder4to16:inst2|lpm_mux:Mux9" CBX_FILE_NAME="mux_ioc.tdf"/>
		<CBX_INST_ENTRY INSTANCE_NAME="|Lab6problem3|SSEGv2:inst3|lpm_mux:Mux3" CBX_FILE_NAME="mux_joc.tdf"/>
		<CBX_INST_ENTRY INSTANCE_NAME="|Lab6problem3|SSEGv2:inst72|lpm_mux:Mux5" CBX_FILE_NAME="mux_joc.tdf"/>
		<CBX_INST_ENTRY INSTANCE_NAME="|Lab6problem3|decoder4to16:inst2|lpm_mux:Mux11" CBX_FILE_NAME="mux_ioc.tdf"/>
		<CBX_INST_ENTRY INSTANCE_NAME="|Lab6problem3|decoder4to16:inst2|lpm_mux:Mux2" CBX_FILE_NAME="mux_ioc.tdf"/>
		<CBX_INST_ENTRY INSTANCE_NAME="|Lab6problem3|SSEGv2:inst3|lpm_mux:Mux4" CBX_FILE_NAME="mux_joc.tdf"/>
		<CBX_INST_ENTRY INSTANCE_NAME="|Lab6problem3|SSEGv2:inst72|lpm_mux:Mux6" CBX_FILE_NAME="mux_t4d.tdf"/>
		<CBX_INST_ENTRY INSTANCE_NAME="|Lab6problem3|decoder4to16:inst2|lpm_mux:Mux12" CBX_FILE_NAME="mux_ioc.tdf"/>
		<CBX_INST_ENTRY INSTANCE_NAME="|Lab6problem3|decoder4to16:inst2|lpm_mux:Mux3" CBX_FILE_NAME="mux_ioc.tdf"/>
		<CBX_INST_ENTRY INSTANCE_NAME="|Lab6problem3|SSEGv2:inst3|lpm_mux:Mux5" CBX_FILE_NAME="mux_joc.tdf"/>
		<CBX_INST_ENTRY INSTANCE_NAME="|Lab6problem3|decoder4to16:inst2|lpm_mux:Mux13" CBX_FILE_NAME="mux_ioc.tdf"/>
		<CBX_INST_ENTRY INSTANCE_NAME="|Lab6problem3|decoder4to16:inst2|lpm_mux:Mux4" CBX_FILE_NAME="mux_ioc.tdf"/>
		<CBX_INST_ENTRY INSTANCE_NAME="|Lab6problem3|SSEGv2:inst3|lpm_mux:Mux6" CBX_FILE_NAME="mux_joc.tdf"/>
		<CBX_INST_ENTRY INSTANCE_NAME="|Lab6problem3|SSEGv2:inst72|lpm_mux:Mux0" CBX_FILE_NAME="mux_joc.tdf"/>
		<CBX_INST_ENTRY INSTANCE_NAME="|Lab6problem3|decoder4to16:inst2|lpm_mux:Mux14" CBX_FILE_NAME="mux_ioc.tdf"/>
		<CBX_INST_ENTRY INSTANCE_NAME="|Lab6problem3|decoder4to16:inst2|lpm_mux:Mux5" CBX_FILE_NAME="mux_ioc.tdf"/>
		<CBX_INST_ENTRY INSTANCE_NAME="|Lab6problem3|SSEGv2:inst72|lpm_mux:Mux1" CBX_FILE_NAME="mux_joc.tdf"/>
		<CBX_INST_ENTRY INSTANCE_NAME="|Lab6problem3|decoder4to16:inst2|lpm_mux:Mux15" CBX_FILE_NAME="mux_ioc.tdf"/>
		<CBX_INST_ENTRY INSTANCE_NAME="|Lab6problem3|decoder4to16:inst2|lpm_mux:Mux6" CBX_FILE_NAME="mux_ioc.tdf"/>
	</PROJECT>
</LOG_ROOT>
